{"jobInfo":"NA","version":"1.0","mac":"3A-DD-3D-7E-04-82","OS":"Linux-4.19.90-2107.6.0.0192.8.oe1.bclinux.aarch64-#1 SMP Tue Mar 21 09:23:05 CST 2023","cpuCores":1,"hostname":"dl-e1fac0b2e30f36708a84ef5ffe35db5e-r0-4e49af3ba7d1-0","hwtype":"aarch64","devices":"","platform":"","CPU":[{"Id":0,"Name":"HiSilicon","Frequency":"100.000000","Logical_CPU_Count":1,"Type":"TaishanV110"}],"DeviceInfo":[],"platform_version":"5","pid":"69","memoryTotal":2111176532,"cpuNums":192,"sysClockFreq":100,"upTime":"8527939.89 1572486740.46","netCardNums":0,"netCard":[{"netCardName":"eth0","speed":10000}],"rank_id":0,"pid_name":"python","drvVersion":467731,"hostUid":"12021013134580140151"}