{"aiCtrlCpuProfiling":"off","ai_core_metrics":"PipeUtilizationExct","ai_core_profiling":"on","ai_core_profiling_events":"0x416,0x417,0x9,0x302,0xc,0x303,0x54,0x55","ai_core_profiling_mode":"task-based","ai_ctrl_cpu_profiling_events":"","aicore_sampling_interval":10,"aiv_metrics":"PipeUtilization","aiv_profiling":"on","aiv_profiling_events":"0x8,0xa,0x9,0xb,0xc,0xd,0x54,0x55","aiv_profiling_mode":"task-based","aiv_sampling_interval":10,"app":"","app_dir":"","app_env":"","app_parameters":"","cmdPath":"","cpu_profiling":"off","cpu_sampling_interval":20,"dataTypeConfig":13835058058033629287,"ddr_interval":20,"ddr_master_id":0,"ddr_profiling":"","ddr_profiling_events":"","delayTime":"","devices":"64","durationTime":"","dvpp_profiling":"off","dvpp_sampling_interval":20,"dynamic":"off","ge_api":"off","hardware_mem":"off","hardware_mem_sampling_interval":20,"hbmInterval":20,"hbmProfiling":"","hbm_profiling_events":"","hccsInterval":20,"hccsProfiling":"off","host_all_pid_cpu_profiling":"off","host_all_pid_mem_profiling":"off","host_cpu_profiling_sampling_interval":20,"host_disk_freq":50,"host_disk_profiling":"off","host_mem_profiling_sampling_interval":20,"host_network_profiling":"off","host_one_pid_cpu_profiling":"off","host_one_pid_mem_profiling":"off","host_osrt_profiling":"off","host_profiling":1,"host_sys":"","host_sys_cpu_profiling":"off","host_sys_mem_profiling":"off","host_sys_pid":69,"host_sys_usage":"","hwts_log":"","hwts_log1":"","instr_profiling":"off","instr_profiling_freq":1000,"interconnection_profiling":"off","interconnection_sampling_interval":20,"io_profiling":"off","io_sampling_interval":10,"isSubscribe":false,"is_cancel":0,"jobInfo":"","job_id":"64","l2CacheTaskProfiling":"","l2CacheTaskProfilingEvents":"","llc_interval":20,"llc_profiling":"read","llc_profiling_events":"read","low_power":"","modelLoad":"","msprof":"off","msprofBinPid":-1,"msprof_llc_profiling":"","msproftx":"off","nicInterval":10,"nicProfiling":"off","npuAppMemProfiling":"on","npuModuleMemProfiling":"on","pcieInterval":20,"pcieProfiling":"","pid_profiling":"off","pid_sampling_interval":100,"profLevel":"l1","profiling_mode":"def_mode","profiling_options":"","profiling_period":-1,"qosEvents":"","qosProfiling":"","reportsPath":"","result_dir":"/root/work/filestorage/wwg/Grounded-SAM-2/outputs/adetailer/dl-e1fac0b2e30f36708a84ef5ffe35db5e-r0-4e49af3ba7d1-0_69_20250722005956139_ascend_pt/PROF_000001_20250722085956147_RCGCGPKNBFQLPMEA/host/","roceInterval":10,"roceProfiling":"off","stars_acsq_task":"on","storageLimit":"907425MB","stream_enabled":"on","sys_profiling":"off","sys_sampling_interval":100,"taskMemory":"off","tsCpuProfiling":"off","ts_cpu_profiling_events":"","ts_fw_training":"","ts_keypoint":"on","ts_memcpy":"on","ts_timeline":""}