{
    "config": {
        "common_config": {
            "activities": [
                "ProfilerActivity.CPU",
                "ProfilerActivity.NPU"
            ],
            "schedule": {
                "wait": 0,
                "active": 1,
                "warmup": 0,
                "repeat": 1,
                "skip_first": 0
            },
            "record_shapes": false,
            "profile_memory": false,
            "with_stack": false,
            "with_flops": false,
            "with_modules": false
        },
        "experimental_config": {
            "_profiler_level": "Level1",
            "_aic_metrics": "ACL_AICORE_PIPE_UTILIZATION",
            "_l2_cache": false,
            "_msprof_tx": false,
            "_data_simplification": false,
            "record_op_args": false,
            "_export_type": [
                "text"
            ],
            "_op_attr": false,
            "_gc_detect_threshold": null
        }
    },
    "start_info": {
        "syscnt_enable": true,
        "freq": 100,
        "start_cnt": 852813953934037,
        "start_monotonic": 8527933766406260
    },
    "end_info": {
        "collectionTimeEnd": 1753146000510128057,
        "MonotonicTimeEnd": 8527944108474467
    },
    "torch_npu_version": "2.5.1",
    "cann_version": "8.1.RC1",
    "rank_id": "0"
}